[
    {
      "name": "John Doe",
      "img": "https://randomuser.me/api/portraits/men/1.jpg",
      "userType": "Client"
    },
    {
      "name": "Jane Smith",
      "img": "https://randomuser.me/api/portraits/women/2.jpg",
      "userType": "Client"
    },
    {
      "name": "Alex Johnson",
      "img": "https://randomuser.me/api/portraits/men/3.jpg",
      "userType": "Admin"
    },
    {
      "name": "Emily Davis",
      "img": "https://randomuser.me/api/portraits/women/4.jpg",
      "userType": "Super Admin"
    }
  ]
  